Year,Rice Price - Regular
1994,12.21
1995,15.18
1996,17.13
1997,16.53
1998,17.1
1999,17.26
2000,17.59
2001,17.54
2002,18.0
2003,17.95
2004,18.71
2005,20.73
2006,21.28
2007,22.39
2008,29.38
2009,30.69
2010,30.84
2011,31.31
2012,33.48
2013,34.95
2014,39.76
2015,39.47
2016,39.02
2017,39.52
2018,43.37
2019,41.16
2020,39.05
2021,38.28
2022,39.15
2023,42.8
2024,50.41
2025,41.31
